{
  "gradient_boosting": {
    "PN00": {
      "auc_roc": 0.5319444444444444,
      "f1": 0.0,
      "precision": 0.0,
      "recall": 0.0,
      "tn": 471,
      "fp": 0,
      "fn": 240,
      "tp": 0,
      "n_preictal": 240,
      "n_interictal": 471
    },
    "PN03": {
      "auc_roc": 0.6527667037517769,
      "f1": 0.0,
      "precision": 0.0,
      "recall": 0.0,
      "tn": 10786,
      "fp": 0,
      "fn": 120,
      "tp": 0,
      "n_preictal": 120,
      "n_interictal": 10786
    },
    "PN05": {
      "auc_roc": 0.2928066694514063,
      "f1": 0.0,
      "precision": 0.0,
      "recall": 0.0,
      "tn": 1596,
      "fp": 0,
      "fn": 72,
      "tp": 0,
      "n_preictal": 72,
      "n_interictal": 1596
    },
    "PN06": {
      "auc_roc": 0.5751854100426825,
      "f1": 0.0,
      "precision": 0.0,
      "recall": 0.0,
      "tn": 6529,
      "fp": 0,
      "fn": 83,
      "tp": 0,
      "n_preictal": 83,
      "n_interictal": 6529
    },
    "PN07": {
      "auc_roc": 0.404731518245415,
      "f1": 0.0,
      "precision": 0.0,
      "recall": 0.0,
      "tn": 1968,
      "fp": 0,
      "fn": 43,
      "tp": 0,
      "n_preictal": 43,
      "n_interictal": 1968
    },
    "PN09": {
      "auc_roc": 0.5065703634669152,
      "f1": 0.0,
      "precision": 0.0,
      "recall": 0.0,
      "tn": 3219,
      "fp": 0,
      "fn": 180,
      "tp": 0,
      "n_preictal": 180,
      "n_interictal": 3219
    },
    "PN10": {
      "auc_roc": 0.6457763959701743,
      "f1": 0.0,
      "precision": 0.0,
      "recall": 0.0,
      "tn": 7256,
      "fp": 1,
      "fn": 288,
      "tp": 0,
      "n_preictal": 288,
      "n_interictal": 7257
    },
    "PN12": {
      "auc_roc": 0.5939874864293468,
      "f1": 0.0,
      "precision": 0.0,
      "recall": 0.0,
      "tn": 1591,
      "fp": 0,
      "fn": 176,
      "tp": 0,
      "n_preictal": 176,
      "n_interictal": 1591
    },
    "PN13": {
      "auc_roc": 0.6907697724408866,
      "f1": 0.0,
      "precision": 0.0,
      "recall": 0.0,
      "tn": 2998,
      "fp": 0,
      "fn": 180,
      "tp": 0,
      "n_preictal": 180,
      "n_interictal": 2998
    },
    "PN14": {
      "auc_roc": 0.3579583248489785,
      "f1": 0.0,
      "precision": 0.0,
      "recall": 0.0,
      "tn": 6546,
      "fp": 2,
      "fn": 180,
      "tp": 0,
      "n_preictal": 180,
      "n_interictal": 6548
    },
    "PN16": {
      "auc_roc": 0.8232952676880507,
      "f1": 0.0,
      "precision": 0.0,
      "recall": 0.0,
      "tn": 1618,
      "fp": 0,
      "fn": 109,
      "tp": 0,
      "n_preictal": 109,
      "n_interictal": 1618
    },
    "PN17": {
      "auc_roc": 0.5713430939965236,
      "f1": 0.0,
      "precision": 0.0,
      "recall": 0.0,
      "tn": 2492,
      "fp": 1,
      "fn": 120,
      "tp": 0,
      "n_preictal": 120,
      "n_interictal": 2493
    }
  },
  "neural_net": {
    "PN00": {
      "auc_roc": 0.2648531493276716,
      "f1": 0.007936507936507936,
      "precision": 0.08333333333333333,
      "recall": 0.004166666666666667,
      "tn": 460,
      "fp": 11,
      "fn": 239,
      "tp": 1,
      "n_preictal": 240,
      "n_interictal": 471
    },
    "PN03": {
      "auc_roc": 0.8494105012670745,
      "f1": 0.04430379746835443,
      "precision": 0.03571428571428571,
      "recall": 0.058333333333333334,
      "tn": 10597,
      "fp": 189,
      "fn": 113,
      "tp": 7,
      "n_preictal": 120,
      "n_interictal": 10786
    },
    "PN05": {
      "auc_roc": 0.12419068504594821,
      "f1": 0.0,
      "precision": 0.0,
      "recall": 0.0,
      "tn": 1590,
      "fp": 6,
      "fn": 72,
      "tp": 0,
      "n_preictal": 72,
      "n_interictal": 1596
    },
    "PN06": {
      "auc_roc": 0.7065455880806115,
      "f1": 0.0,
      "precision": 0.0,
      "recall": 0.0,
      "tn": 6428,
      "fp": 101,
      "fn": 83,
      "tp": 0,
      "n_preictal": 83,
      "n_interictal": 6529
    },
    "PN07": {
      "auc_roc": 0.3708995084136888,
      "f1": 0.060240963855421686,
      "precision": 0.04065040650406504,
      "recall": 0.11627906976744186,
      "tn": 1850,
      "fp": 118,
      "fn": 38,
      "tp": 5,
      "n_preictal": 43,
      "n_interictal": 1968
    },
    "PN09": {
      "auc_roc": 0.4011580546063304,
      "f1": 0.007936507936507936,
      "precision": 0.013888888888888888,
      "recall": 0.005555555555555556,
      "tn": 3148,
      "fp": 71,
      "fn": 179,
      "tp": 1,
      "n_preictal": 180,
      "n_interictal": 3219
    },
    "PN10": {
      "auc_roc": 0.5973858573331496,
      "f1": 0.011661807580174927,
      "precision": 0.03636363636363636,
      "recall": 0.006944444444444444,
      "tn": 7204,
      "fp": 53,
      "fn": 286,
      "tp": 2,
      "n_preictal": 288,
      "n_interictal": 7257
    },
    "PN12": {
      "auc_roc": 0.7167590423404376,
      "f1": 0.042328042328042326,
      "precision": 0.3076923076923077,
      "recall": 0.022727272727272728,
      "tn": 1582,
      "fp": 9,
      "fn": 172,
      "tp": 4,
      "n_preictal": 176,
      "n_interictal": 1591
    },
    "PN13": {
      "auc_roc": 0.7538785116003262,
      "f1": 0.11428571428571428,
      "precision": 0.4,
      "recall": 0.06666666666666667,
      "tn": 2980,
      "fp": 18,
      "fn": 168,
      "tp": 12,
      "n_preictal": 180,
      "n_interictal": 2998
    },
    "PN14": {
      "auc_roc": 0.3960072626077513,
      "f1": 0.007380073800738007,
      "precision": 0.01098901098901099,
      "recall": 0.005555555555555556,
      "tn": 6458,
      "fp": 90,
      "fn": 179,
      "tp": 1,
      "n_preictal": 180,
      "n_interictal": 6548
    },
    "PN16": {
      "auc_roc": 0.7162257175582041,
      "f1": 0.031496062992125984,
      "precision": 0.1111111111111111,
      "recall": 0.01834862385321101,
      "tn": 1602,
      "fp": 16,
      "fn": 107,
      "tp": 2,
      "n_preictal": 109,
      "n_interictal": 1618
    },
    "PN17": {
      "auc_roc": 0.5906404599545394,
      "f1": 0.19767441860465115,
      "precision": 0.3269230769230769,
      "recall": 0.14166666666666666,
      "tn": 2458,
      "fp": 35,
      "fn": 103,
      "tp": 17,
      "n_preictal": 120,
      "n_interictal": 2493
    }
  }
}