{
  "neural_net": {
    "PN00": {
      "auc_roc": 0.26018310911808673,
      "f1": 0.09438202247191012,
      "precision": 0.3442622950819672,
      "recall": 0.0546875,
      "fp_per_hour": 64.57399103139014,
      "fp_per_10": "19.0",
      "tn": 406,
      "fp": 40,
      "fn": 363,
      "tp": 21,
      "n_preictal": 384,
      "n_interictal": 446
    },
    "PN03": {
      "auc_roc": 0.5871201195311058,
      "f1": 0.049557522123893805,
      "precision": 0.026585643752373718,
      "recall": 0.3645833333333333,
      "fp_per_hour": 170.33044120361825,
      "fp_per_10": "366.1",
      "tn": 8271,
      "fp": 2563,
      "fn": 122,
      "tp": 70,
      "n_preictal": 192,
      "n_interictal": 10834
    },
    "PN05": {
      "auc_roc": 0.5601749571523396,
      "f1": 0.14120667522464697,
      "precision": 0.09385665529010238,
      "recall": 0.2849740932642487,
      "fp_per_hour": 182.75334608030593,
      "fp_per_10": "96.5",
      "tn": 1561,
      "fp": 531,
      "fn": 138,
      "tp": 55,
      "n_preictal": 193,
      "n_interictal": 2092
    },
    "PN06": {
      "auc_roc": 0.5621568642291129,
      "f1": 0.046511627906976744,
      "precision": 0.028089887640449437,
      "recall": 0.13513513513513514,
      "fp_per_hour": 87.20246429571549,
      "fp_per_10": "346.0",
      "tn": 6277,
      "fp": 865,
      "fn": 160,
      "tp": 25,
      "n_preictal": 185,
      "n_interictal": 7142
    },
    "PN07": {
      "auc_roc": 0.5970469370391378,
      "f1": 0.0392156862745098,
      "precision": 0.024844720496894408,
      "recall": 0.09302325581395349,
      "fp_per_hour": 86.15853658536585,
      "fp_per_10": "392.5",
      "tn": 1155,
      "fp": 157,
      "fn": 39,
      "tp": 4,
      "n_preictal": 43,
      "n_interictal": 1312
    },
    "PN09": {
      "auc_roc": 0.4648964043161995,
      "f1": 0.1242603550295858,
      "precision": 0.08677685950413223,
      "recall": 0.21875,
      "fp_per_hour": 148.11045609680423,
      "fp_per_10": "105.2",
      "tn": 2560,
      "fp": 663,
      "fn": 225,
      "tp": 63,
      "n_preictal": 288,
      "n_interictal": 3223
    },
    "PN10": {
      "auc_roc": 0.654131791397212,
      "f1": 0.16623544631306597,
      "precision": 0.09816653934300994,
      "recall": 0.5421940928270043,
      "fp_per_hour": 232.77009448171984,
      "fp_per_10": "91.9",
      "tn": 4942,
      "fp": 2361,
      "fn": 217,
      "tp": 257,
      "n_preictal": 474,
      "n_interictal": 7303
    },
    "PN12": {
      "auc_roc": 0.5882332626518674,
      "f1": 0.3013698630136986,
      "precision": 0.22830188679245284,
      "recall": 0.4432234432234432,
      "fp_per_hour": 185.0911376492772,
      "fp_per_10": "33.8",
      "tn": 1182,
      "fp": 409,
      "fn": 152,
      "tp": 121,
      "n_preictal": 273,
      "n_interictal": 1591
    },
    "PN13": {
      "auc_roc": 0.6533934034773524,
      "f1": 0.23272727272727273,
      "precision": 0.1787709497206704,
      "recall": 0.3333333333333333,
      "fp_per_hour": 106.62189388851579,
      "fp_per_10": "45.9",
      "tn": 2537,
      "fp": 441,
      "fn": 192,
      "tp": 96,
      "n_preictal": 288,
      "n_interictal": 2978
    },
    "PN14": {
      "auc_roc": 0.4581157237979059,
      "f1": 0.06993006993006994,
      "precision": 0.042801556420233464,
      "recall": 0.1909722222222222,
      "fp_per_hour": 135.04117108874658,
      "fp_per_10": "223.6",
      "tn": 5328,
      "fp": 1230,
      "fn": 233,
      "tp": 55,
      "n_preictal": 288,
      "n_interictal": 6558
    },
    "PN16": {
      "auc_roc": 0.7604348757739459,
      "f1": 0.24866785079928952,
      "precision": 0.17326732673267325,
      "recall": 0.44025157232704404,
      "fp_per_hour": 143.74178123132097,
      "fp_per_10": "47.7",
      "tn": 1339,
      "fp": 334,
      "fn": 89,
      "tp": 70,
      "n_preictal": 159,
      "n_interictal": 1673
    },
    "PN17": {
      "auc_roc": 0.609991848142541,
      "f1": 0.18931297709923664,
      "precision": 0.13219616204690832,
      "recall": 0.3333333333333333,
      "fp_per_hour": 117.54512635379062,
      "fp_per_10": "65.6",
      "tn": 2086,
      "fp": 407,
      "fn": 124,
      "tp": 62,
      "n_preictal": 186,
      "n_interictal": 2493
    }
  },
  "config": {
    "threshold": 0.5,
    "preictal_min": 8,
    "step_sec": 5,
    "channels": [
      "F7",
      "T3",
      "T5",
      "C3",
      "F8",
      "T4",
      "T6",
      "C4"
    ],
    "features": 64,
    "loss": "binary_crossentropy"
  }
}